timestep,ID,x,y,z,u,v,w,omx,omy,omz,fx,fy,fz,tx,ty,tz 
1e-07,0,0,0,0,0,0,0,0,0,0,0,0,0,0,0,0
1e-07,1,0.001001,0.001001,0,0,0,0,0,0,0,0,0,0,0,0,0
1e-07,2,0.002002,0.002002,0,0,0,0,0,0,0,0,0,0,0,0,0
1e-07,3,0,0,0,0,0,0,0,0,0,0,0,0,0,0,0
1e-07,4,0.001001,0.001001,0,0,0,0,0,0,0,0,0,0,0,0,0
1e-07,5,0.002002,0.002002,0,0,0,0,0,0,0,0,0,0,0,0,0
1e-07,6,0,0,0,0,0,0,0,0,0,0,0,0,0,0,0
1e-07,7,0.001001,0.001001,0,0,0,0,0,0,0,0,0,0,0,0,0
1e-07,8,0.002002,0.002002,0,0,0,0,0,0,0,0,0,0,0,0,0
1e-07,9,0,0,0.001001,-3.02167e-12,0,-3.02469e-07,0,0,0,-7.38333e-11,0,-7.39072e-06,0,0,0
1e-07,10,0.001001,0.001001,0.001001,-2.72925e-12,0,-2.73198e-07,0,0,0,-6.66882e-11,0,-6.67549e-06,0,0,0
1e-07,11,0.002002,0.002002,0.001001,-2.5343e-12,0,-2.53684e-07,0,0,0,-6.19247e-11,0,-6.19866e-06,0,0,0
1e-07,12,0,0,0.001001,-2.24188e-12,0,-2.24413e-07,0,0,0,-5.47796e-11,0,-5.48343e-06,0,0,0
1e-07,13,0.001001,0.001001,0.001001,-1.94946e-12,0,-1.95141e-07,0,0,0,-4.76344e-11,0,-4.7682e-06,0,0,0
1e-07,14,0.002002,0.002002,0.001001,-1.75452e-12,0,-1.75627e-07,0,0,0,-4.2871e-11,0,-4.29138e-06,0,0,0
1e-07,15,0,0,0.001001,-1.55957e-12,0,-1.56113e-07,0,0,0,-3.81075e-11,0,-3.81456e-06,0,0,0
1e-07,16,0.001001,0.001001,0.001001,-1.36463e-12,0,-1.36599e-07,0,0,0,-3.33441e-11,0,-3.33774e-06,0,0,0
1e-07,17,0.002002,0.002002,0.001001,-1.26715e-12,0,-1.26842e-07,0,0,0,-3.09624e-11,0,-3.09933e-06,0,0,0
1e-07,18,1e-08,1e-08,0.002002,1.85199e-12,0,1.85384e-07,0,0,0,4.52527e-11,0,4.52979e-06,0,0,0
1e-07,19,0.00100101,0.00100101,0.002002,1.55957e-12,0,1.56113e-07,0,0,0,3.81075e-11,0,3.81456e-06,0,0,0
1e-07,20,0.00200201,0.00200201,0.002002,1.55957e-12,0,1.56113e-07,0,0,0,3.81075e-11,0,3.81456e-06,0,0,0
1e-07,21,1e-08,1e-08,0.002002,1.16968e-12,0,1.17085e-07,0,0,0,2.85806e-11,0,2.86092e-06,0,0,0
1e-07,22,0.00100101,0.00100101,0.002002,1.07221e-12,0,1.07328e-07,0,0,0,2.61989e-11,0,2.62251e-06,0,0,0
1e-07,23,0.00200201,0.00200201,0.002002,9.74732e-13,0,9.75707e-08,0,0,0,2.38172e-11,0,2.3841e-06,0,0,0
1e-07,24,1e-08,1e-08,0.002002,9.74732e-13,0,9.75707e-08,0,0,0,2.38172e-11,0,2.3841e-06,0,0,0
1e-07,25,0.00100101,0.00100101,0.002002,9.74732e-13,0,9.75707e-08,0,0,0,2.38172e-11,0,2.3841e-06,0,0,0
1e-07,26,0.00200201,0.00200201,0.002002,9.74732e-13,0,9.75707e-08,0,0,0,2.38172e-11,0,2.3841e-06,0,0,0
0.0099901,0,-nan,-nan,-nan,-nan,-nan,-nan,0,0,0,-nan,-nan,-nan,0,0,0
0.0099901,1,nan,nan,nan,-nan,-nan,-nan,0,0,0,-nan,-nan,-nan,0,0,0
0.0099901,2,-nan,-nan,-nan,nan,nan,nan,0,0,0,nan,nan,nan,0,0,0
0.0099901,3,nan,nan,nan,-nan,-nan,-nan,0,0,0,-nan,-nan,-nan,0,0,0
0.0099901,4,-nan,-nan,-nan,nan,nan,nan,0,0,0,nan,nan,nan,0,0,0
0.0099901,5,nan,nan,nan,-nan,-nan,-nan,0,0,0,-nan,-nan,-nan,0,0,0
0.0099901,6,-nan,-nan,-nan,nan,nan,nan,0,0,0,nan,nan,nan,0,0,0
0.0099901,7,nan,nan,nan,-nan,-nan,-nan,0,0,0,-nan,-nan,-nan,0,0,0
0.0099901,8,-nan,-nan,-nan,-nan,-nan,-nan,0,0,0,-nan,-nan,-nan,0,0,0
0.0099901,9,-nan,-nan,-nan,-nan,-nan,-nan,0,0,0,-nan,-nan,-nan,0,0,0
0.0099901,10,nan,nan,nan,nan,nan,nan,0,0,0,nan,nan,nan,0,0,0
0.0099901,11,-nan,-nan,-nan,-nan,-nan,-nan,0,0,0,-nan,-nan,-nan,0,0,0
0.0099901,12,-nan,-nan,-nan,nan,nan,nan,0,0,0,nan,nan,nan,0,0,0
0.0099901,13,nan,nan,nan,-nan,-nan,-nan,0,0,0,-nan,-nan,-nan,0,0,0
0.0099901,14,-nan,-nan,-nan,nan,nan,nan,0,0,0,nan,nan,nan,0,0,0
0.0099901,15,nan,nan,nan,-nan,-nan,-nan,0,0,0,-nan,-nan,-nan,0,0,0
0.0099901,16,-nan,-nan,-nan,nan,nan,nan,0,0,0,nan,nan,nan,0,0,0
0.0099901,17,nan,nan,nan,-nan,-nan,-nan,0,0,0,-nan,-nan,-nan,0,0,0
0.0099901,18,-nan,-nan,-nan,nan,nan,nan,0,0,0,nan,nan,nan,0,0,0
0.0099901,19,nan,nan,nan,-nan,-nan,-nan,0,0,0,-nan,-nan,-nan,0,0,0
0.0099901,20,-nan,-nan,-nan,nan,nan,nan,0,0,0,nan,nan,nan,0,0,0
0.0099901,21,nan,nan,nan,-nan,-nan,-nan,0,0,0,-nan,-nan,-nan,0,0,0
0.0099901,22,-nan,-nan,-nan,nan,nan,nan,0,0,0,nan,nan,nan,0,0,0
0.0099901,23,nan,nan,nan,-nan,-nan,-nan,0,0,0,-nan,-nan,-nan,0,0,0
0.0099901,24,-nan,-nan,-nan,nan,nan,nan,0,0,0,nan,nan,nan,0,0,0
0.0099901,25,nan,nan,nan,-nan,-nan,-nan,0,0,0,-nan,-nan,-nan,0,0,0
0.0099901,26,-nan,-nan,-nan,nan,nan,nan,0,0,0,nan,nan,nan,0,0,0
0.01999,0,-nan,-nan,-nan,-nan,-nan,-nan,0,0,0,-nan,-nan,-nan,0,0,0
0.01999,1,-nan,-nan,-nan,nan,nan,nan,0,0,0,nan,nan,nan,0,0,0
0.01999,2,nan,nan,nan,-nan,-nan,-nan,0,0,0,-nan,-nan,-nan,0,0,0
0.01999,3,-nan,-nan,-nan,nan,nan,nan,0,0,0,nan,nan,nan,0,0,0
0.01999,4,nan,nan,nan,-nan,-nan,-nan,0,0,0,-nan,-nan,-nan,0,0,0
0.01999,5,-nan,-nan,-nan,nan,nan,nan,0,0,0,nan,nan,nan,0,0,0
0.01999,6,nan,nan,nan,-nan,-nan,-nan,0,0,0,-nan,-nan,-nan,0,0,0
0.01999,7,-nan,-nan,-nan,nan,nan,nan,0,0,0,nan,nan,nan,0,0,0
0.01999,8,-nan,-nan,-nan,-nan,-nan,-nan,0,0,0,-nan,-nan,-nan,0,0,0
0.01999,9,-nan,-nan,-nan,-nan,-nan,-nan,0,0,0,-nan,-nan,-nan,0,0,0
0.01999,10,nan,nan,nan,nan,nan,nan,0,0,0,nan,nan,nan,0,0,0
0.01999,11,-nan,-nan,-nan,-nan,-nan,-nan,0,0,0,-nan,-nan,-nan,0,0,0
0.01999,12,nan,nan,nan,-nan,-nan,-nan,0,0,0,-nan,-nan,-nan,0,0,0
0.01999,13,-nan,-nan,-nan,nan,nan,nan,0,0,0,nan,nan,nan,0,0,0
0.01999,14,nan,nan,nan,-nan,-nan,-nan,0,0,0,-nan,-nan,-nan,0,0,0
0.01999,15,-nan,-nan,-nan,nan,nan,nan,0,0,0,nan,nan,nan,0,0,0
0.01999,16,nan,nan,nan,-nan,-nan,-nan,0,0,0,-nan,-nan,-nan,0,0,0
0.01999,17,-nan,-nan,-nan,nan,nan,nan,0,0,0,nan,nan,nan,0,0,0
0.01999,18,nan,nan,nan,-nan,-nan,-nan,0,0,0,-nan,-nan,-nan,0,0,0
0.01999,19,-nan,-nan,-nan,nan,nan,nan,0,0,0,nan,nan,nan,0,0,0
0.01999,20,nan,nan,nan,-nan,-nan,-nan,0,0,0,-nan,-nan,-nan,0,0,0
0.01999,21,-nan,-nan,-nan,nan,nan,nan,0,0,0,nan,nan,nan,0,0,0
0.01999,22,nan,nan,nan,-nan,-nan,-nan,0,0,0,-nan,-nan,-nan,0,0,0
0.01999,23,-nan,-nan,-nan,nan,nan,nan,0,0,0,nan,nan,nan,0,0,0
0.01999,24,nan,nan,nan,-nan,-nan,-nan,0,0,0,-nan,-nan,-nan,0,0,0
0.01999,25,-nan,-nan,-nan,nan,nan,nan,0,0,0,nan,nan,nan,0,0,0
0.01999,26,nan,nan,nan,-nan,-nan,-nan,0,0,0,-nan,-nan,-nan,0,0,0
0.02999,0,-nan,-nan,-nan,-nan,-nan,-nan,0,0,0,-nan,-nan,-nan,0,0,0
0.02999,1,-nan,-nan,-nan,nan,nan,nan,0,0,0,nan,nan,nan,0,0,0
0.02999,2,nan,nan,nan,-nan,-nan,-nan,0,0,0,-nan,-nan,-nan,0,0,0
0.02999,3,-nan,-nan,-nan,nan,nan,nan,0,0,0,nan,nan,nan,0,0,0
0.02999,4,nan,nan,nan,-nan,-nan,-nan,0,0,0,-nan,-nan,-nan,0,0,0
0.02999,5,-nan,-nan,-nan,nan,nan,nan,0,0,0,nan,nan,nan,0,0,0
0.02999,6,nan,nan,nan,-nan,-nan,-nan,0,0,0,-nan,-nan,-nan,0,0,0
0.02999,7,-nan,-nan,-nan,nan,nan,nan,0,0,0,nan,nan,nan,0,0,0
0.02999,8,-nan,-nan,-nan,-nan,-nan,-nan,0,0,0,-nan,-nan,-nan,0,0,0
0.02999,9,-nan,-nan,-nan,-nan,-nan,-nan,0,0,0,-nan,-nan,-nan,0,0,0
0.02999,10,nan,nan,nan,nan,nan,nan,0,0,0,nan,nan,nan,0,0,0
0.02999,11,-nan,-nan,-nan,-nan,-nan,-nan,0,0,0,-nan,-nan,-nan,0,0,0
0.02999,12,nan,nan,nan,-nan,-nan,-nan,0,0,0,-nan,-nan,-nan,0,0,0
0.02999,13,-nan,-nan,-nan,nan,nan,nan,0,0,0,nan,nan,nan,0,0,0
0.02999,14,nan,nan,nan,-nan,-nan,-nan,0,0,0,-nan,-nan,-nan,0,0,0
0.02999,15,-nan,-nan,-nan,nan,nan,nan,0,0,0,nan,nan,nan,0,0,0
0.02999,16,nan,nan,nan,-nan,-nan,-nan,0,0,0,-nan,-nan,-nan,0,0,0
0.02999,17,-nan,-nan,-nan,nan,nan,nan,0,0,0,nan,nan,nan,0,0,0
0.02999,18,nan,nan,nan,-nan,-nan,-nan,0,0,0,-nan,-nan,-nan,0,0,0
0.02999,19,-nan,-nan,-nan,nan,nan,nan,0,0,0,nan,nan,nan,0,0,0
0.02999,20,nan,nan,nan,-nan,-nan,-nan,0,0,0,-nan,-nan,-nan,0,0,0
0.02999,21,-nan,-nan,-nan,nan,nan,nan,0,0,0,nan,nan,nan,0,0,0
0.02999,22,nan,nan,nan,-nan,-nan,-nan,0,0,0,-nan,-nan,-nan,0,0,0
0.02999,23,-nan,-nan,-nan,nan,nan,nan,0,0,0,nan,nan,nan,0,0,0
0.02999,24,nan,nan,nan,-nan,-nan,-nan,0,0,0,-nan,-nan,-nan,0,0,0
0.02999,25,-nan,-nan,-nan,nan,nan,nan,0,0,0,nan,nan,nan,0,0,0
0.02999,26,nan,nan,nan,-nan,-nan,-nan,0,0,0,-nan,-nan,-nan,0,0,0
0.0399901,0,-nan,-nan,-nan,-nan,-nan,-nan,0,0,0,-nan,-nan,-nan,0,0,0
0.0399901,1,nan,nan,nan,-nan,-nan,-nan,0,0,0,-nan,-nan,-nan,0,0,0
0.0399901,2,-nan,-nan,-nan,nan,nan,nan,0,0,0,nan,nan,nan,0,0,0
0.0399901,3,nan,nan,nan,-nan,-nan,-nan,0,0,0,-nan,-nan,-nan,0,0,0
0.0399901,4,-nan,-nan,-nan,nan,nan,nan,0,0,0,nan,nan,nan,0,0,0
0.0399901,5,nan,nan,nan,-nan,-nan,-nan,0,0,0,-nan,-nan,-nan,0,0,0
0.0399901,6,-nan,-nan,-nan,nan,nan,nan,0,0,0,nan,nan,nan,0,0,0
0.0399901,7,nan,nan,nan,-nan,-nan,-nan,0,0,0,-nan,-nan,-nan,0,0,0
0.0399901,8,-nan,-nan,-nan,-nan,-nan,-nan,0,0,0,-nan,-nan,-nan,0,0,0
0.0399901,9,-nan,-nan,-nan,-nan,-nan,-nan,0,0,0,-nan,-nan,-nan,0,0,0
0.0399901,10,nan,nan,nan,nan,nan,nan,0,0,0,nan,nan,nan,0,0,0
0.0399901,11,-nan,-nan,-nan,-nan,-nan,-nan,0,0,0,-nan,-nan,-nan,0,0,0
0.0399901,12,-nan,-nan,-nan,nan,nan,nan,0,0,0,nan,nan,nan,0,0,0
0.0399901,13,nan,nan,nan,-nan,-nan,-nan,0,0,0,-nan,-nan,-nan,0,0,0
0.0399901,14,-nan,-nan,-nan,nan,nan,nan,0,0,0,nan,nan,nan,0,0,0
0.0399901,15,nan,nan,nan,-nan,-nan,-nan,0,0,0,-nan,-nan,-nan,0,0,0
0.0399901,16,-nan,-nan,-nan,nan,nan,nan,0,0,0,nan,nan,nan,0,0,0
0.0399901,17,nan,nan,nan,-nan,-nan,-nan,0,0,0,-nan,-nan,-nan,0,0,0
0.0399901,18,-nan,-nan,-nan,nan,nan,nan,0,0,0,nan,nan,nan,0,0,0
0.0399901,19,nan,nan,nan,-nan,-nan,-nan,0,0,0,-nan,-nan,-nan,0,0,0
0.0399901,20,-nan,-nan,-nan,nan,nan,nan,0,0,0,nan,nan,nan,0,0,0
0.0399901,21,nan,nan,nan,-nan,-nan,-nan,0,0,0,-nan,-nan,-nan,0,0,0
0.0399901,22,-nan,-nan,-nan,nan,nan,nan,0,0,0,nan,nan,nan,0,0,0
0.0399901,23,nan,nan,nan,-nan,-nan,-nan,0,0,0,-nan,-nan,-nan,0,0,0
0.0399901,24,-nan,-nan,-nan,nan,nan,nan,0,0,0,nan,nan,nan,0,0,0
0.0399901,25,nan,nan,nan,-nan,-nan,-nan,0,0,0,-nan,-nan,-nan,0,0,0
0.0399901,26,-nan,-nan,-nan,nan,nan,nan,0,0,0,nan,nan,nan,0,0,0
0.0499901,0,-nan,-nan,-nan,-nan,-nan,-nan,0,0,0,-nan,-nan,-nan,0,0,0
0.0499901,1,nan,nan,nan,-nan,-nan,-nan,0,0,0,-nan,-nan,-nan,0,0,0
0.0499901,2,-nan,-nan,-nan,nan,nan,nan,0,0,0,nan,nan,nan,0,0,0
0.0499901,3,nan,nan,nan,-nan,-nan,-nan,0,0,0,-nan,-nan,-nan,0,0,0
0.0499901,4,-nan,-nan,-nan,nan,nan,nan,0,0,0,nan,nan,nan,0,0,0
0.0499901,5,nan,nan,nan,-nan,-nan,-nan,0,0,0,-nan,-nan,-nan,0,0,0
0.0499901,6,-nan,-nan,-nan,nan,nan,nan,0,0,0,nan,nan,nan,0,0,0
0.0499901,7,nan,nan,nan,-nan,-nan,-nan,0,0,0,-nan,-nan,-nan,0,0,0
0.0499901,8,-nan,-nan,-nan,-nan,-nan,-nan,0,0,0,-nan,-nan,-nan,0,0,0
0.0499901,9,-nan,-nan,-nan,-nan,-nan,-nan,0,0,0,-nan,-nan,-nan,0,0,0
0.0499901,10,nan,nan,nan,nan,nan,nan,0,0,0,nan,nan,nan,0,0,0
0.0499901,11,-nan,-nan,-nan,-nan,-nan,-nan,0,0,0,-nan,-nan,-nan,0,0,0
0.0499901,12,-nan,-nan,-nan,nan,nan,nan,0,0,0,nan,nan,nan,0,0,0
0.0499901,13,nan,nan,nan,-nan,-nan,-nan,0,0,0,-nan,-nan,-nan,0,0,0
0.0499901,14,-nan,-nan,-nan,nan,nan,nan,0,0,0,nan,nan,nan,0,0,0
0.0499901,15,nan,nan,nan,-nan,-nan,-nan,0,0,0,-nan,-nan,-nan,0,0,0
0.0499901,16,-nan,-nan,-nan,nan,nan,nan,0,0,0,nan,nan,nan,0,0,0
0.0499901,17,nan,nan,nan,-nan,-nan,-nan,0,0,0,-nan,-nan,-nan,0,0,0
0.0499901,18,-nan,-nan,-nan,nan,nan,nan,0,0,0,nan,nan,nan,0,0,0
0.0499901,19,nan,nan,nan,-nan,-nan,-nan,0,0,0,-nan,-nan,-nan,0,0,0
0.0499901,20,-nan,-nan,-nan,nan,nan,nan,0,0,0,nan,nan,nan,0,0,0
0.0499901,21,nan,nan,nan,-nan,-nan,-nan,0,0,0,-nan,-nan,-nan,0,0,0
0.0499901,22,-nan,-nan,-nan,nan,nan,nan,0,0,0,nan,nan,nan,0,0,0
0.0499901,23,nan,nan,nan,-nan,-nan,-nan,0,0,0,-nan,-nan,-nan,0,0,0
0.0499901,24,-nan,-nan,-nan,nan,nan,nan,0,0,0,nan,nan,nan,0,0,0
0.0499901,25,nan,nan,nan,-nan,-nan,-nan,0,0,0,-nan,-nan,-nan,0,0,0
0.0499901,26,-nan,-nan,-nan,nan,nan,nan,0,0,0,nan,nan,nan,0,0,0
0.0599901,0,-nan,-nan,-nan,-nan,-nan,-nan,0,0,0,-nan,-nan,-nan,0,0,0
0.0599901,1,nan,nan,nan,-nan,-nan,-nan,0,0,0,-nan,-nan,-nan,0,0,0
0.0599901,2,-nan,-nan,-nan,nan,nan,nan,0,0,0,nan,nan,nan,0,0,0
0.0599901,3,nan,nan,nan,-nan,-nan,-nan,0,0,0,-nan,-nan,-nan,0,0,0
0.0599901,4,-nan,-nan,-nan,nan,nan,nan,0,0,0,nan,nan,nan,0,0,0
0.0599901,5,nan,nan,nan,-nan,-nan,-nan,0,0,0,-nan,-nan,-nan,0,0,0
0.0599901,6,-nan,-nan,-nan,nan,nan,nan,0,0,0,nan,nan,nan,0,0,0
0.0599901,7,nan,nan,nan,-nan,-nan,-nan,0,0,0,-nan,-nan,-nan,0,0,0
0.0599901,8,-nan,-nan,-nan,-nan,-nan,-nan,0,0,0,-nan,-nan,-nan,0,0,0
0.0599901,9,-nan,-nan,-nan,-nan,-nan,-nan,0,0,0,-nan,-nan,-nan,0,0,0
0.0599901,10,nan,nan,nan,nan,nan,nan,0,0,0,nan,nan,nan,0,0,0
0.0599901,11,-nan,-nan,-nan,-nan,-nan,-nan,0,0,0,-nan,-nan,-nan,0,0,0
0.0599901,12,-nan,-nan,-nan,nan,nan,nan,0,0,0,nan,nan,nan,0,0,0
0.0599901,13,nan,nan,nan,-nan,-nan,-nan,0,0,0,-nan,-nan,-nan,0,0,0
0.0599901,14,-nan,-nan,-nan,nan,nan,nan,0,0,0,nan,nan,nan,0,0,0
0.0599901,15,nan,nan,nan,-nan,-nan,-nan,0,0,0,-nan,-nan,-nan,0,0,0
0.0599901,16,-nan,-nan,-nan,nan,nan,nan,0,0,0,nan,nan,nan,0,0,0
0.0599901,17,nan,nan,nan,-nan,-nan,-nan,0,0,0,-nan,-nan,-nan,0,0,0
0.0599901,18,-nan,-nan,-nan,nan,nan,nan,0,0,0,nan,nan,nan,0,0,0
0.0599901,19,nan,nan,nan,-nan,-nan,-nan,0,0,0,-nan,-nan,-nan,0,0,0
0.0599901,20,-nan,-nan,-nan,nan,nan,nan,0,0,0,nan,nan,nan,0,0,0
0.0599901,21,nan,nan,nan,-nan,-nan,-nan,0,0,0,-nan,-nan,-nan,0,0,0
0.0599901,22,-nan,-nan,-nan,nan,nan,nan,0,0,0,nan,nan,nan,0,0,0
0.0599901,23,nan,nan,nan,-nan,-nan,-nan,0,0,0,-nan,-nan,-nan,0,0,0
0.0599901,24,-nan,-nan,-nan,nan,nan,nan,0,0,0,nan,nan,nan,0,0,0
0.0599901,25,nan,nan,nan,-nan,-nan,-nan,0,0,0,-nan,-nan,-nan,0,0,0
0.0599901,26,-nan,-nan,-nan,nan,nan,nan,0,0,0,nan,nan,nan,0,0,0
0.0699901,0,-nan,-nan,-nan,-nan,-nan,-nan,0,0,0,-nan,-nan,-nan,0,0,0
0.0699901,1,nan,nan,nan,-nan,-nan,-nan,0,0,0,-nan,-nan,-nan,0,0,0
0.0699901,2,-nan,-nan,-nan,nan,nan,nan,0,0,0,nan,nan,nan,0,0,0
0.0699901,3,nan,nan,nan,-nan,-nan,-nan,0,0,0,-nan,-nan,-nan,0,0,0
0.0699901,4,-nan,-nan,-nan,nan,nan,nan,0,0,0,nan,nan,nan,0,0,0
0.0699901,5,nan,nan,nan,-nan,-nan,-nan,0,0,0,-nan,-nan,-nan,0,0,0
0.0699901,6,-nan,-nan,-nan,nan,nan,nan,0,0,0,nan,nan,nan,0,0,0
0.0699901,7,nan,nan,nan,-nan,-nan,-nan,0,0,0,-nan,-nan,-nan,0,0,0
0.0699901,8,-nan,-nan,-nan,-nan,-nan,-nan,0,0,0,-nan,-nan,-nan,0,0,0
0.0699901,9,-nan,-nan,-nan,-nan,-nan,-nan,0,0,0,-nan,-nan,-nan,0,0,0
0.0699901,10,nan,nan,nan,nan,nan,nan,0,0,0,nan,nan,nan,0,0,0
0.0699901,11,-nan,-nan,-nan,-nan,-nan,-nan,0,0,0,-nan,-nan,-nan,0,0,0
0.0699901,12,-nan,-nan,-nan,nan,nan,nan,0,0,0,nan,nan,nan,0,0,0
0.0699901,13,nan,nan,nan,-nan,-nan,-nan,0,0,0,-nan,-nan,-nan,0,0,0
0.0699901,14,-nan,-nan,-nan,nan,nan,nan,0,0,0,nan,nan,nan,0,0,0
0.0699901,15,nan,nan,nan,-nan,-nan,-nan,0,0,0,-nan,-nan,-nan,0,0,0
0.0699901,16,-nan,-nan,-nan,nan,nan,nan,0,0,0,nan,nan,nan,0,0,0
0.0699901,17,nan,nan,nan,-nan,-nan,-nan,0,0,0,-nan,-nan,-nan,0,0,0
0.0699901,18,-nan,-nan,-nan,nan,nan,nan,0,0,0,nan,nan,nan,0,0,0
0.0699901,19,nan,nan,nan,-nan,-nan,-nan,0,0,0,-nan,-nan,-nan,0,0,0
0.0699901,20,-nan,-nan,-nan,nan,nan,nan,0,0,0,nan,nan,nan,0,0,0
0.0699901,21,nan,nan,nan,-nan,-nan,-nan,0,0,0,-nan,-nan,-nan,0,0,0
0.0699901,22,-nan,-nan,-nan,nan,nan,nan,0,0,0,nan,nan,nan,0,0,0
0.0699901,23,nan,nan,nan,-nan,-nan,-nan,0,0,0,-nan,-nan,-nan,0,0,0
0.0699901,24,-nan,-nan,-nan,nan,nan,nan,0,0,0,nan,nan,nan,0,0,0
0.0699901,25,nan,nan,nan,-nan,-nan,-nan,0,0,0,-nan,-nan,-nan,0,0,0
0.0699901,26,-nan,-nan,-nan,nan,nan,nan,0,0,0,nan,nan,nan,0,0,0
0.0799901,0,-nan,-nan,-nan,-nan,-nan,-nan,0,0,0,-nan,-nan,-nan,0,0,0
0.0799901,1,nan,nan,nan,-nan,-nan,-nan,0,0,0,-nan,-nan,-nan,0,0,0
0.0799901,2,-nan,-nan,-nan,nan,nan,nan,0,0,0,nan,nan,nan,0,0,0
0.0799901,3,nan,nan,nan,-nan,-nan,-nan,0,0,0,-nan,-nan,-nan,0,0,0
0.0799901,4,-nan,-nan,-nan,nan,nan,nan,0,0,0,nan,nan,nan,0,0,0
0.0799901,5,nan,nan,nan,-nan,-nan,-nan,0,0,0,-nan,-nan,-nan,0,0,0
0.0799901,6,-nan,-nan,-nan,nan,nan,nan,0,0,0,nan,nan,nan,0,0,0
0.0799901,7,nan,nan,nan,-nan,-nan,-nan,0,0,0,-nan,-nan,-nan,0,0,0
0.0799901,8,-nan,-nan,-nan,-nan,-nan,-nan,0,0,0,-nan,-nan,-nan,0,0,0
0.0799901,9,-nan,-nan,-nan,-nan,-nan,-nan,0,0,0,-nan,-nan,-nan,0,0,0
0.0799901,10,nan,nan,nan,nan,nan,nan,0,0,0,nan,nan,nan,0,0,0
0.0799901,11,-nan,-nan,-nan,-nan,-nan,-nan,0,0,0,-nan,-nan,-nan,0,0,0
0.0799901,12,-nan,-nan,-nan,nan,nan,nan,0,0,0,nan,nan,nan,0,0,0
0.0799901,13,nan,nan,nan,-nan,-nan,-nan,0,0,0,-nan,-nan,-nan,0,0,0
0.0799901,14,-nan,-nan,-nan,nan,nan,nan,0,0,0,nan,nan,nan,0,0,0
0.0799901,15,nan,nan,nan,-nan,-nan,-nan,0,0,0,-nan,-nan,-nan,0,0,0
0.0799901,16,-nan,-nan,-nan,nan,nan,nan,0,0,0,nan,nan,nan,0,0,0
0.0799901,17,nan,nan,nan,-nan,-nan,-nan,0,0,0,-nan,-nan,-nan,0,0,0
0.0799901,18,-nan,-nan,-nan,nan,nan,nan,0,0,0,nan,nan,nan,0,0,0
0.0799901,19,nan,nan,nan,-nan,-nan,-nan,0,0,0,-nan,-nan,-nan,0,0,0
0.0799901,20,-nan,-nan,-nan,nan,nan,nan,0,0,0,nan,nan,nan,0,0,0
0.0799901,21,nan,nan,nan,-nan,-nan,-nan,0,0,0,-nan,-nan,-nan,0,0,0
0.0799901,22,-nan,-nan,-nan,nan,nan,nan,0,0,0,nan,nan,nan,0,0,0
0.0799901,23,nan,nan,nan,-nan,-nan,-nan,0,0,0,-nan,-nan,-nan,0,0,0
0.0799901,24,-nan,-nan,-nan,nan,nan,nan,0,0,0,nan,nan,nan,0,0,0
0.0799901,25,nan,nan,nan,-nan,-nan,-nan,0,0,0,-nan,-nan,-nan,0,0,0
0.0799901,26,-nan,-nan,-nan,nan,nan,nan,0,0,0,nan,nan,nan,0,0,0
0.08999,0,-nan,-nan,-nan,-nan,-nan,-nan,0,0,0,-nan,-nan,-nan,0,0,0
0.08999,1,-nan,-nan,-nan,nan,nan,nan,0,0,0,nan,nan,nan,0,0,0
0.08999,2,nan,nan,nan,-nan,-nan,-nan,0,0,0,-nan,-nan,-nan,0,0,0
0.08999,3,-nan,-nan,-nan,nan,nan,nan,0,0,0,nan,nan,nan,0,0,0
0.08999,4,nan,nan,nan,-nan,-nan,-nan,0,0,0,-nan,-nan,-nan,0,0,0
0.08999,5,-nan,-nan,-nan,nan,nan,nan,0,0,0,nan,nan,nan,0,0,0
0.08999,6,nan,nan,nan,-nan,-nan,-nan,0,0,0,-nan,-nan,-nan,0,0,0
0.08999,7,-nan,-nan,-nan,nan,nan,nan,0,0,0,nan,nan,nan,0,0,0
0.08999,8,-nan,-nan,-nan,-nan,-nan,-nan,0,0,0,-nan,-nan,-nan,0,0,0
0.08999,9,-nan,-nan,-nan,-nan,-nan,-nan,0,0,0,-nan,-nan,-nan,0,0,0
0.08999,10,nan,nan,nan,nan,nan,nan,0,0,0,nan,nan,nan,0,0,0
0.08999,11,-nan,-nan,-nan,-nan,-nan,-nan,0,0,0,-nan,-nan,-nan,0,0,0
0.08999,12,nan,nan,nan,-nan,-nan,-nan,0,0,0,-nan,-nan,-nan,0,0,0
0.08999,13,-nan,-nan,-nan,nan,nan,nan,0,0,0,nan,nan,nan,0,0,0
0.08999,14,nan,nan,nan,-nan,-nan,-nan,0,0,0,-nan,-nan,-nan,0,0,0
0.08999,15,-nan,-nan,-nan,nan,nan,nan,0,0,0,nan,nan,nan,0,0,0
0.08999,16,nan,nan,nan,-nan,-nan,-nan,0,0,0,-nan,-nan,-nan,0,0,0
0.08999,17,-nan,-nan,-nan,nan,nan,nan,0,0,0,nan,nan,nan,0,0,0
0.08999,18,nan,nan,nan,-nan,-nan,-nan,0,0,0,-nan,-nan,-nan,0,0,0
0.08999,19,-nan,-nan,-nan,nan,nan,nan,0,0,0,nan,nan,nan,0,0,0
0.08999,20,nan,nan,nan,-nan,-nan,-nan,0,0,0,-nan,-nan,-nan,0,0,0
0.08999,21,-nan,-nan,-nan,nan,nan,nan,0,0,0,nan,nan,nan,0,0,0
0.08999,22,nan,nan,nan,-nan,-nan,-nan,0,0,0,-nan,-nan,-nan,0,0,0
0.08999,23,-nan,-nan,-nan,nan,nan,nan,0,0,0,nan,nan,nan,0,0,0
0.08999,24,nan,nan,nan,-nan,-nan,-nan,0,0,0,-nan,-nan,-nan,0,0,0
0.08999,25,-nan,-nan,-nan,nan,nan,nan,0,0,0,nan,nan,nan,0,0,0
0.08999,26,nan,nan,nan,-nan,-nan,-nan,0,0,0,-nan,-nan,-nan,0,0,0
0.0999901,0,-nan,-nan,-nan,-nan,-nan,-nan,0,0,0,-nan,-nan,-nan,0,0,0
0.0999901,1,nan,nan,nan,-nan,-nan,-nan,0,0,0,-nan,-nan,-nan,0,0,0
0.0999901,2,-nan,-nan,-nan,nan,nan,nan,0,0,0,nan,nan,nan,0,0,0
0.0999901,3,nan,nan,nan,-nan,-nan,-nan,0,0,0,-nan,-nan,-nan,0,0,0
0.0999901,4,-nan,-nan,-nan,nan,nan,nan,0,0,0,nan,nan,nan,0,0,0
0.0999901,5,nan,nan,nan,-nan,-nan,-nan,0,0,0,-nan,-nan,-nan,0,0,0
0.0999901,6,-nan,-nan,-nan,nan,nan,nan,0,0,0,nan,nan,nan,0,0,0
0.0999901,7,nan,nan,nan,-nan,-nan,-nan,0,0,0,-nan,-nan,-nan,0,0,0
0.0999901,8,-nan,-nan,-nan,-nan,-nan,-nan,0,0,0,-nan,-nan,-nan,0,0,0
0.0999901,9,-nan,-nan,-nan,-nan,-nan,-nan,0,0,0,-nan,-nan,-nan,0,0,0
0.0999901,10,nan,nan,nan,nan,nan,nan,0,0,0,nan,nan,nan,0,0,0
0.0999901,11,-nan,-nan,-nan,-nan,-nan,-nan,0,0,0,-nan,-nan,-nan,0,0,0
0.0999901,12,-nan,-nan,-nan,nan,nan,nan,0,0,0,nan,nan,nan,0,0,0
0.0999901,13,nan,nan,nan,-nan,-nan,-nan,0,0,0,-nan,-nan,-nan,0,0,0
0.0999901,14,-nan,-nan,-nan,nan,nan,nan,0,0,0,nan,nan,nan,0,0,0
0.0999901,15,nan,nan,nan,-nan,-nan,-nan,0,0,0,-nan,-nan,-nan,0,0,0
0.0999901,16,-nan,-nan,-nan,nan,nan,nan,0,0,0,nan,nan,nan,0,0,0
0.0999901,17,nan,nan,nan,-nan,-nan,-nan,0,0,0,-nan,-nan,-nan,0,0,0
0.0999901,18,-nan,-nan,-nan,nan,nan,nan,0,0,0,nan,nan,nan,0,0,0
0.0999901,19,nan,nan,nan,-nan,-nan,-nan,0,0,0,-nan,-nan,-nan,0,0,0
0.0999901,20,-nan,-nan,-nan,nan,nan,nan,0,0,0,nan,nan,nan,0,0,0
0.0999901,21,nan,nan,nan,-nan,-nan,-nan,0,0,0,-nan,-nan,-nan,0,0,0
0.0999901,22,-nan,-nan,-nan,nan,nan,nan,0,0,0,nan,nan,nan,0,0,0
0.0999901,23,nan,nan,nan,-nan,-nan,-nan,0,0,0,-nan,-nan,-nan,0,0,0
0.0999901,24,-nan,-nan,-nan,nan,nan,nan,0,0,0,nan,nan,nan,0,0,0
0.0999901,25,nan,nan,nan,-nan,-nan,-nan,0,0,0,-nan,-nan,-nan,0,0,0
0.0999901,26,-nan,-nan,-nan,nan,nan,nan,0,0,0,nan,nan,nan,0,0,0
